{
  "project_info": {
    "project_number": "60637790578",
    "firebase_url": "https://carieme-d1218.firebaseio.com",
    "project_id": "carieme-d1218",
    "storage_bucket": "carieme-d1218.appspot.com"
  },
  "client": [
    {
      "client_info": {
        "mobilesdk_app_id": "1:60637790578:android:9ce787331902b9973c9deb",
        "android_client_info": {
          "package_name": "com.carieme"
        }
      },
      "oauth_client": [
        {
          "client_id": "60637790578-e3p0jc5u5n3mhlfoonvalhjnr5se52kf.apps.googleusercontent.com",
          "client_type": 1,
          "android_info": {
            "package_name": "com.carieme",
            "certificate_hash": "c538a68809a295522746ecdb9839fc25d6218b6c"
          }
        },
        {
          "client_id": "60637790578-8tjqutqj9qio0krbv5seeaukgjpjkq3q.apps.googleusercontent.com",
          "client_type": 3
        }
      ],
      "api_key": [
        {
          "current_key": "AIzaSyC5sSxiB6j85vAxrl1mAaDjIMier0eBUUs"
        }
      ],
      "services": {
        "appinvite_service": {
          "other_platform_oauth_client": [
            {
              "client_id": "60637790578-8tjqutqj9qio0krbv5seeaukgjpjkq3q.apps.googleusercontent.com",
              "client_type": 3
            }
          ]
        }
      }
    }
  ],
  "configuration_version": "1"
}